f [m],focus shift [um]
-200.0,0.3370033700225705
-199.79989994997499,0.3470034700275848
-199.59979989994997,0.3470034700275848
-199.39969984992496,0.3470034700275848
-199.19959979989994,0.3470034700275848
-198.99949974987493,0.3470034700275848
-198.79939969984991,0.3470034700275848
-198.5992996498249,0.3470034700275848
-198.3991995997999,0.3470034700275848
-198.1990995497749,0.3470034700275848
-197.99899949974989,0.3470034700275848
-197.79889944972487,0.3470034700275848
-197.59879939969986,0.3470034700275848
-197.39869934967484,0.3470034700275848
-197.19859929964983,0.3470034700275848
-196.9984992496248,0.3470034700275848
-196.7983991995998,0.3470034700275848
-196.59829914957479,0.3470034700275848
-196.39819909954977,0.3470034700275848
-196.19809904952476,0.3470034700275848
-195.99799899949974,0.3470034700275848
-195.79789894947473,0.3470034700275848
-195.5977988994497,0.3470034700275848
-195.3976988494247,0.3470034700275848
-195.1975987993997,0.3470034700275848
-194.9974987493747,0.3470034700275848
-194.79739869934969,0.3470034700275848
-194.59729864932467,0.3570035700256602
-194.39719859929966,0.3570035700256602
-194.19709854927464,0.3570035700256602
-193.99699849924963,0.3570035700256602
-193.7968984492246,0.3570035700256602
-193.5967983991996,0.3570035700256602
-193.39669834917459,0.3570035700256602
-193.19659829914957,0.3570035700256602
-192.99649824912456,0.3570035700256602
-192.79639819909954,0.3570035700256602
-192.59629814907453,0.3570035700256602
-192.3961980990495,0.3570035700256602
-192.1960980490245,0.3570035700256602
-191.9959979989995,0.3570035700256602
-191.7958979489745,0.3570035700256602
-191.59579789894948,0.3570035700256602
-191.39569784892447,0.3570035700256602
-191.19559779889946,0.3570035700256602
-190.99549774887444,0.3570035700256602
-190.79539769884943,0.3570035700256602
-190.5952976488244,0.3570035700256602
-190.3951975987994,0.3570035700256602
-190.19509754877438,0.3570035700256602
-189.99499749874937,0.3570035700256602
-189.79489744872436,0.36700367003067447
-189.59479739869934,0.36700367003067447
-189.39469734867433,0.36700367003067447
-189.1945972986493,0.36700367003067447
-188.99449724862433,0.36700367003067447
-188.7943971985993,0.36700367003067447
-188.5942971485743,0.36700367003067447
-188.39419709854928,0.36700367003067447
-188.19409704852427,0.36700367003067447
-187.99399699849926,0.36700367003067447
-187.79389694847424,0.36700367003067447
-187.59379689844923,0.36700367003067447
-187.3936968484242,0.36700367003067447
-187.1935967983992,0.36700367003067447
-186.99349674837418,0.36700367003067447
-186.79339669834917,0.36700367003067447
-186.59329664832416,0.36700367003067447
-186.39319659829914,0.36700367003067447
-186.19309654827413,0.36700367003067447
-185.9929964982491,0.36700367003067447
-185.7928964482241,0.36700367003067447
-185.5927963981991,0.36700367003067447
-185.3926963481741,0.36700367003067447
-185.19259629814908,0.37700377002874985
-184.99249624812407,0.37700377002874985
-184.79239619809906,0.37700377002874985
-184.59229614807404,0.37700377002874985
-184.39219609804903,0.37700377002874985
-184.192096048024,0.37700377002874985
-183.991995997999,0.37700377002874985
-183.79189594797398,0.37700377002874985
-183.59179589794897,0.37700377002874985
-183.39169584792396,0.37700377002874985
-183.19159579789894,0.37700377002874985
-182.99149574787393,0.37700377002874985
-182.79139569784894,0.37700377002874985
-182.59129564782393,0.37700377002874985
-182.3911955977989,0.37700377002874985
-182.1910955477739,0.37700377002874985
-181.99099549774888,0.37700377002874985
-181.79089544772387,0.37700377002874985
-181.59079539769886,0.37700377002874985
-181.39069534767384,0.37700377002874985
-181.19059529764883,0.37700377002874985
-180.9904952476238,0.37700377002874985
-180.7903951975988,0.38700387003376413
-180.59029514757378,0.38700387003376413
-180.39019509754877,0.38700387003376413
-180.19009504752376,0.38700387003376413
-179.98999499749874,0.38700387003376413
-179.78989494747373,0.38700387003376413
-179.5897948974487,0.38700387003376413
-179.3896948474237,0.38700387003376413
-179.1895947973987,0.38700387003376413
-178.9894947473737,0.38700387003376413
-178.78939469734868,0.38700387003376413
-178.58929464732367,0.38700387003376413
-178.38919459729865,0.38700387003376413
-178.18909454727364,0.38700387003376413
-177.98899449724863,0.38700387003376413
-177.7888944472236,0.38700387003376413
-177.5887943971986,0.38700387003376413
-177.38869434717358,0.38700387003376413
-177.18859429714857,0.38700387003376413
-176.98849424712355,0.38700387003376413
-176.78839419709854,0.38700387003376413
-176.58829414707353,0.3970039700318395
-176.38819409704854,0.3970039700318395
-176.18809404702353,0.3970039700318395
-175.9879939969985,0.3970039700318395
-175.7878939469735,0.3970039700318395
-175.58779389694848,0.3970039700318395
-175.38769384692347,0.3970039700318395
-175.18759379689845,0.3970039700318395
-174.98749374687344,0.3970039700318395
-174.78739369684843,0.3970039700318395
-174.5872936468234,0.3970039700318395
-174.3871935967984,0.3970039700318395
-174.18709354677338,0.3970039700318395
-173.98699349674837,0.3970039700318395
-173.78689344672335,0.3970039700318395
-173.58679339669834,0.3970039700318395
-173.38669334667333,0.3970039700318395
-173.1865932966483,0.3970039700318395
-172.98649324662333,0.3970039700318395
-172.7863931965983,0.3970039700318395
-172.5862931465733,0.4070040700368538
-172.38619309654828,0.4070040700368538
-172.18609304652327,0.4070040700368538
-171.98599299649825,0.4070040700368538
-171.78589294647324,0.4070040700368538
-171.58579289644823,0.4070040700368538
-171.3856928464232,0.4070040700368538
-171.1855927963982,0.4070040700368538
-170.98549274637318,0.4070040700368538
-170.78539269634817,0.4070040700368538
-170.58529264632315,0.4070040700368538
-170.38519259629814,0.4070040700368538
-170.18509254627315,0.4070040700368538
-169.98499249624814,0.4070040700368538
-169.78489244622313,0.4070040700368538
-169.5847923961981,0.4070040700368538
-169.3846923461731,0.4070040700368538
-169.18459229614808,0.4070040700368538
-168.98449224612307,0.4070040700368538
-168.78439219609805,0.4170041700349292
-168.58429214607304,0.4170041700349292
-168.38419209604803,0.4170041700349292
-168.184092046023,0.4170041700349292
-167.983991995998,0.4170041700349292
-167.78389194597298,0.4170041700349292
-167.58379189594797,0.4170041700349292
-167.38369184592295,0.4170041700349292
-167.18359179589794,0.4170041700349292
-166.98349174587293,0.4170041700349292
-166.7833916958479,0.4170041700349292
-166.5832916458229,0.4170041700349292
-166.3831915957979,0.4170041700349292
-166.1830915457729,0.4170041700349292
-165.98299149574788,0.4170041700349292
-165.78289144572287,0.4170041700349292
-165.58279139569785,0.4170041700349292
-165.38269134567284,0.4170041700349292
-165.18259129564782,0.42700427003300456
-164.9824912456228,0.42700427003300456
-164.7823911955978,0.42700427003300456
-164.58229114557278,0.42700427003300456
-164.38219109554777,0.42700427003300456
-164.18209104552275,0.42700427003300456
-163.98199099549777,0.42700427003300456
-163.78189094547275,0.42700427003300456
-163.58179089544774,0.42700427003300456
-163.38169084542272,0.42700427003300456
-163.1815907953977,0.42700427003300456
-162.9814907453727,0.42700427003300456
-162.78139069534768,0.42700427003300456
-162.58129064532267,0.42700427003300456
-162.38119059529765,0.42700427003300456
-162.18109054527264,0.42700427003300456
-161.98099049524762,0.42700427003300456
-161.7808904452226,0.42700427003300456
-161.5807903951976,0.43700437003801884
-161.38069034517258,0.43700437003801884
-161.18059029514757,0.43700437003801884
-160.98049024512255,0.43700437003801884
-160.78039019509754,0.43700437003801884
-160.58029014507252,0.43700437003801884
-160.3801900950475,0.43700437003801884
-160.18009004502252,0.43700437003801884
-159.9799899949975,0.43700437003801884
-159.7798899449725,0.43700437003801884
-159.57978989494748,0.43700437003801884
-159.37968984492247,0.43700437003801884
-159.17958979489745,0.43700437003801884
-158.97948974487244,0.43700437003801884
-158.77938969484742,0.43700437003801884
-158.5792896448224,0.43700437003801884
-158.3791895947974,0.4470044700360942
-158.17908954477238,0.4470044700360942
-157.97898949474737,0.4470044700360942
-157.77888944472238,0.4470044700360942
-157.57878939469737,0.4470044700360942
-157.37868934467235,0.4470044700360942
-157.17858929464734,0.4470044700360942
-156.97848924462232,0.4470044700360942
-156.7783891945973,0.4470044700360942
-156.5782891445723,0.4470044700360942
-156.37818909454728,0.4470044700360942
-156.17808904452227,0.4470044700360942
-155.97798899449725,0.4470044700360942
-155.77788894447224,0.4470044700360942
-155.57778889444722,0.4470044700360942
-155.3776888444222,0.4470044700360942
-155.1775887943972,0.4570045700411085
-154.97748874437218,0.4570045700411085
-154.77738869434717,0.4570045700411085
-154.57728864432215,0.4570045700411085
-154.37718859429714,0.4570045700411085
-154.17708854427212,0.4570045700411085
-153.9769884942471,0.4570045700411085
-153.77688844422212,0.4570045700411085
-153.5767883941971,0.4570045700411085
-153.3766883441721,0.4570045700411085
-153.17658829414708,0.4570045700411085
-152.97648824412207,0.4570045700411085
-152.77638819409705,0.4570045700411085
-152.57628814407204,0.4570045700411085
-152.37618809404702,0.4570045700411085
-152.176088044022,0.4570045700411085
-151.975987993997,0.4670046700391839
-151.77588794397198,0.4670046700391839
-151.57578789394697,0.4670046700391839
-151.37568784392198,0.4670046700391839
-151.17558779389697,0.4670046700391839
-150.97548774387195,0.4670046700391839
-150.77538769384694,0.4670046700391839
-150.57528764382192,0.4670046700391839
-150.3751875937969,0.4670046700391839
-150.1750875437719,0.4670046700391839
-149.97498749374688,0.4670046700391839
-149.77488744372187,0.4670046700391839
-149.57478739369685,0.4670046700391839
-149.37468734367184,0.4670046700391839
-149.17458729364682,0.4670046700391839
-148.9744872436218,0.47700477004419817
-148.7743871935968,0.47700477004419817
-148.57428714357178,0.47700477004419817
-148.37418709354677,0.47700477004419817
-148.17408704352175,0.47700477004419817
-147.97398699349674,0.47700477004419817
-147.77388694347172,0.47700477004419817
-147.57378689344674,0.47700477004419817
-147.37368684342172,0.47700477004419817
-147.1735867933967,0.47700477004419817
-146.9734867433717,0.47700477004419817
-146.77338669334668,0.47700477004419817
-146.57328664332167,0.47700477004419817
-146.37318659329665,0.47700477004419817
-146.17308654327164,0.48700487004227355
-145.97298649324662,0.48700487004227355
-145.7728864432216,0.48700487004227355
-145.5727863931966,0.48700487004227355
-145.37268634317158,0.48700487004227355
-145.1725862931466,0.48700487004227355
-144.97248624312158,0.48700487004227355
-144.77238619309657,0.48700487004227355
-144.57228614307155,0.48700487004227355
-144.37218609304654,0.48700487004227355
-144.17208604302152,0.48700487004227355
-143.9719859929965,0.48700487004227355
-143.7718859429715,0.48700487004227355
-143.57178589294648,0.48700487004227355
-143.37168584292147,0.49700497004728783
-143.17158579289645,0.49700497004728783
-142.97148574287144,0.49700497004728783
-142.77138569284642,0.49700497004728783
-142.5712856428214,0.49700497004728783
-142.3711855927964,0.49700497004728783
-142.17108554277138,0.49700497004728783
-141.97098549274637,0.49700497004728783
-141.77088544272135,0.49700497004728783
-141.57078539269634,0.49700497004728783
-141.37068534267132,0.49700497004728783
-141.17058529264634,0.49700497004728783
-140.97048524262132,0.49700497004728783
-140.7703851925963,0.5070050700453632
-140.5702851425713,0.5070050700453632
-140.37018509254628,0.5070050700453632
-140.17008504252126,0.5070050700453632
-139.96998499249625,0.5070050700453632
-139.76988494247124,0.5070050700453632
-139.56978489244622,0.5070050700453632
-139.3696848424212,0.5070050700453632
-139.1695847923962,0.5070050700453632
-138.96948474237118,0.5070050700453632
-138.7693846923462,0.5070050700453632
-138.56928464232118,0.5070050700453632
-138.36918459229616,0.5070050700453632
-138.16908454227115,0.5170051700434386
-137.96898449224614,0.5170051700434386
-137.76888444222112,0.5170051700434386
-137.5687843921961,0.5170051700434386
-137.3686843421711,0.5170051700434386
-137.16858429214608,0.5170051700434386
-136.96848424212106,0.5170051700434386
-136.76838419209605,0.5170051700434386
-136.56828414207104,0.5170051700434386
-136.36818409204602,0.5170051700434386
-136.168084042021,0.5170051700434386
-135.967983991996,0.5170051700434386
-135.76788394197098,0.5270052700484529
-135.56778389194596,0.5270052700484529
-135.36768384192095,0.5270052700484529
-135.16758379189594,0.5270052700484529
-134.96748374187092,0.5270052700484529
-134.7673836918459,0.5270052700484529
-134.56728364182092,0.5270052700484529
-134.3671835917959,0.5270052700484529
-134.1670835417709,0.5270052700484529
-133.96698349174588,0.5270052700484529
-133.76688344172086,0.5270052700484529
-133.56678339169585,0.5270052700484529
-133.36668334167084,0.5370053700465283
-133.16658329164582,0.5370053700465283
-132.96648324162084,0.5370053700465283
-132.76638319159582,0.5370053700465283
-132.5662831415708,0.5370053700465283
-132.3661830915458,0.5370053700465283
-132.16608304152078,0.5370053700465283
-131.96598299149576,0.5370053700465283
-131.76588294147075,0.5370053700465283
-131.56578289144574,0.5370053700465283
-131.36568284142072,0.5370053700465283
-131.1655827913957,0.5470054700515425
-130.9654827413707,0.5470054700515425
-130.76538269134568,0.5470054700515425
-130.56528264132066,0.5470054700515425
-130.36518259129565,0.5470054700515425
-130.16508254127064,0.5470054700515425
-129.96498249124562,0.5470054700515425
-129.7648824412206,0.5470054700515425
-129.5647823911956,0.5470054700515425
-129.36468234117058,0.5470054700515425
-129.16458229114556,0.5470054700515425
-128.96448224112055,0.5570055700496179
-128.76438219109554,0.5570055700496179
-128.56428214107052,0.5570055700496179
-128.3641820910455,0.5570055700496179
-128.16408204102052,0.5570055700496179
-127.9639819909955,0.5570055700496179
-127.76388194097049,0.5570055700496179
-127.56378189094548,0.5570055700496179
-127.36368184092046,0.5570055700496179
-127.16358179089545,0.5570055700496179
-126.96348174087044,0.5570055700496179
-126.76338169084542,0.5670056700546322
-126.56328164082042,0.5670056700546322
-126.3631815907954,0.5670056700546322
-126.16308154077039,0.5670056700546322
-125.96298149074538,0.5670056700546322
-125.76288144072036,0.5670056700546322
-125.56278139069535,0.5670056700546322
-125.36268134067033,0.5670056700546322
-125.16258129064532,0.5670056700546322
-124.96248124062032,0.5670056700546322
-124.7623811905953,0.5770057700527076
-124.56228114057029,0.5770057700527076
-124.36218109054528,0.5770057700527076
-124.16208104052026,0.5770057700527076
-123.96198099049525,0.5770057700527076
-123.76188094047023,0.5770057700527076
-123.56178089044522,0.5770057700527076
-123.36168084042022,0.5770057700527076
-123.1615807903952,0.5770057700527076
-122.96148074037019,0.5770057700527076
-122.76138069034518,0.5870058700577219
-122.56128064032016,0.5870058700577219
-122.36118059029515,0.5870058700577219
-122.16108054027013,0.5870058700577219
-121.96098049024513,0.5870058700577219
-121.76088044022012,0.5870058700577219
-121.5607803901951,0.5870058700577219
-121.36068034017009,0.5870058700577219
-121.16058029014508,0.5870058700577219
-120.96048024012006,0.5870058700577219
-120.76038019009505,0.5970059700557973
-120.56028014007003,0.5970059700557973
-120.36018009004503,0.5970059700557973
-120.16008004002002,0.5970059700557973
-119.959979989995,0.5970059700557973
-119.75987993996999,0.5970059700557973
-119.55977988994498,0.5970059700557973
-119.35967983991996,0.5970059700557973
-119.15957978989495,0.5970059700557973
-118.95947973986993,0.5970059700557973
-118.75937968984493,0.6070060700538726
-118.55927963981992,0.6070060700538726
-118.3591795897949,0.6070060700538726
-118.15907953976989,0.6070060700538726
-117.95897948974488,0.6070060700538726
-117.75887943971986,0.6070060700538726
-117.55877938969485,0.6070060700538726
-117.35867933966983,0.6070060700538726
-117.15857928964483,0.6070060700538726
-116.95847923961982,0.6170061700588869
-116.7583791895948,0.6170061700588869
-116.55827913956979,0.6170061700588869
-116.35817908954478,0.6170061700588869
-116.15807903951976,0.6170061700588869
-115.95797898949475,0.6170061700588869
-115.75787893946973,0.6170061700588869
-115.55777888944473,0.6170061700588869
-115.35767883941972,0.6170061700588869
-115.1575787893947,0.6270062700569623
-114.95747873936969,0.6270062700569623
-114.75737868934468,0.6270062700569623
-114.55727863931966,0.6270062700569623
-114.35717858929465,0.6270062700569623
-114.15707853926963,0.6270062700569623
-113.95697848924463,0.6270062700569623
-113.75687843921962,0.6270062700569623
-113.5567783891946,0.6370063700619766
-113.35667833916959,0.6370063700619766
-113.15657828914458,0.6370063700619766
-112.95647823911956,0.6370063700619766
-112.75637818909455,0.6370063700619766
-112.55627813906953,0.6370063700619766
-112.35617808904453,0.6370063700619766
-112.15607803901952,0.6370063700619766
-111.9559779889945,0.647006470060052
-111.75587793896949,0.647006470060052
-111.55577788894448,0.647006470060052
-111.35567783891946,0.647006470060052
-111.15557778889445,0.647006470060052
-110.95547773886943,0.647006470060052
-110.75537768884443,0.647006470060052
-110.55527763881942,0.647006470060052
-110.3551775887944,0.647006470060052
-110.15507753876939,0.6570065700650662
-109.95497748874438,0.6570065700650662
-109.75487743871936,0.6570065700650662
-109.55477738869435,0.6570065700650662
-109.35467733866935,0.6570065700650662
-109.15457728864433,0.6570065700650662
-108.95447723861932,0.6570065700650662
-108.7543771885943,0.6670066700631416
-108.55427713856929,0.6670066700631416
-108.35417708854428,0.6670066700631416
-108.15407703851926,0.6670066700631416
-107.95397698849425,0.6670066700631416
-107.75387693846925,0.6670066700631416
-107.55377688844423,0.6670066700631416
-107.35367683841922,0.6670066700631416
-107.1535767883942,0.677006770061217
-106.95347673836919,0.677006770061217
-106.75337668834418,0.677006770061217
-106.55327663831916,0.677006770061217
-106.35317658829415,0.677006770061217
-106.15307653826915,0.677006770061217
-105.95297648824413,0.677006770061217
-105.75287643821912,0.6870068700662313
-105.5527763881941,0.6870068700662313
-105.35267633816909,0.6870068700662313
-105.15257628814408,0.6870068700662313
-104.95247623811906,0.6870068700662313
-104.75237618809405,0.6870068700662313
-104.55227613806905,0.6870068700662313
-104.35217608804403,0.6870068700662313
-104.15207603801902,0.6970069700643067
-103.951975987994,0.6970069700643067
-103.75187593796899,0.6970069700643067
-103.55177588794398,0.6970069700643067
-103.35167583791896,0.6970069700643067
-103.15157578789395,0.6970069700643067
-102.95147573786895,0.6970069700643067
-102.75137568784393,0.707007070069321
-102.55127563781892,0.707007070069321
-102.3511755877939,0.707007070069321
-102.15107553776889,0.707007070069321
-101.95097548774388,0.707007070069321
-101.75087543771886,0.707007070069321
-101.55077538769385,0.707007070069321
-101.35067533766885,0.7170071700604574
-101.15057528764383,0.7170071700604574
-100.95047523761882,0.7170071700604574
-100.7503751875938,0.7170071700604574
-100.55027513756879,0.7170071700604574
-100.35017508754378,0.7170071700604574
-100.15007503751876,0.7270072700654717
-99.94997498749375,0.7270072700654717
-99.74987493746875,0.7270072700654717
-99.54977488744373,0.7270072700654717
-99.34967483741872,0.7270072700654717
-99.1495747873937,0.7270072700654717
-98.94947473736869,0.7270072700654717
-98.74937468734367,0.7370073700635471
-98.54927463731866,0.7370073700635471
-98.34917458729365,0.7370073700635471
-98.14907453726865,0.7370073700635471
-97.94897448724363,0.7370073700635471
-97.74887443721862,0.7370073700635471
-97.5487743871936,0.7470074700685614
-97.34867433716859,0.7470074700685614
-97.14857428714357,0.7470074700685614
-96.94847423711856,0.7470074700685614
-96.74837418709356,0.7470074700685614
-96.54827413706855,0.7470074700685614
-96.34817408704353,0.7570075700666368
-96.14807403701852,0.7570075700666368
-95.9479739869935,0.7570075700666368
-95.74787393696849,0.7570075700666368
-95.54777388694347,0.7570075700666368
-95.34767383691846,0.7570075700666368
-95.14757378689346,0.7670076700647122
-94.94747373686845,0.7670076700647122
-94.74737368684343,0.7670076700647122
-94.54727363681842,0.7670076700647122
-94.3471735867934,0.7670076700647122
-94.14707353676839,0.7670076700647122
-93.94697348674337,0.7770077700697264
-93.74687343671836,0.7770077700697264
-93.54677338669336,0.7770077700697264
-93.34667333666835,0.7770077700697264
-93.14657328664333,0.7770077700697264
-92.94647323661832,0.7770077700697264
-92.7463731865933,0.7870078700678018
-92.54627313656829,0.7870078700678018
-92.34617308654327,0.7870078700678018
-92.14607303651826,0.7870078700678018
-91.94597298649326,0.7870078700678018
-91.74587293646825,0.7970079700728161
-91.54577288644323,0.7970079700728161
-91.34567283641822,0.7970079700728161
-91.1455727863932,0.7970079700728161
-90.94547273636819,0.7970079700728161
-90.74537268634317,0.7970079700728161
-90.54527263631816,0.8070080700708915
-90.34517258629316,0.8070080700708915
-90.14507253626815,0.8070080700708915
-89.94497248624313,0.8070080700708915
-89.74487243621812,0.8070080700708915
-89.5447723861931,0.8170081700759058
-89.34467233616809,0.8170081700759058
-89.14457228614307,0.8170081700759058
-88.94447223611806,0.8170081700759058
-88.74437218609306,0.8170081700759058
-88.54427213606805,0.8270082700739811
-88.34417208604303,0.8270082700739811
-88.14407203601802,0.8270082700739811
-87.943971985993,0.8270082700739811
-87.74387193596799,0.8270082700739811
-87.54377188594297,0.8370083700789954
-87.34367183591796,0.8370083700789954
-87.14357178589296,0.8370083700789954
-86.94347173586794,0.8370083700789954
-86.74337168584293,0.8370083700789954
-86.54327163581792,0.8470084700770708
-86.3431715857929,0.8470084700770708
-86.14307153576789,0.8470084700770708
-85.94297148574287,0.8470084700770708
-85.74287143571786,0.8470084700770708
-85.54277138569286,0.8570085700751462
-85.34267133566784,0.8570085700751462
-85.14257128564283,0.8570085700751462
-84.94247123561782,0.8570085700751462
-84.7423711855928,0.8570085700751462
-84.54227113556779,0.8670086700801605
-84.34217108554277,0.8670086700801605
-84.14207103551777,0.8670086700801605
-83.94197098549276,0.8670086700801605
-83.74187093546774,0.8670086700801605
-83.54177088544273,0.8770087700782359
-83.34167083541772,0.8770087700782359
-83.1415707853927,0.8770087700782359
-82.94147073536769,0.8770087700782359
-82.74137068534267,0.8870088700832501
-82.54127063531767,0.8870088700832501
-82.34117058529266,0.8870088700832501
-82.14107053526764,0.8870088700832501
-81.94097048524263,0.8870088700832501
-81.74087043521762,0.8970089700813255
-81.5407703851926,0.8970089700813255
-81.34067033516759,0.8970089700813255
-81.14057028514257,0.8970089700813255
-80.94047023511757,0.9070090700863398
-80.74037018509256,0.9070090700863398
-80.54027013506754,0.9070090700863398
-80.34017008504253,0.9070090700863398
-80.14007003501752,0.9170091700844152
-79.9399699849925,0.9170091700844152
-79.73986993496749,0.9170091700844152
-79.53976988494247,0.9170091700844152
-79.33966983491747,0.9270092700894295
-79.13956978489246,0.9270092700894295
-78.93946973486744,0.9270092700894295
-78.73936968484243,0.9270092700894295
-78.53926963481742,0.9370093700875048
-78.3391695847924,0.9370093700875048
-78.13906953476739,0.9370093700875048
-77.93896948474237,0.9370093700875048
-77.73886943471737,0.9470094700855802
-77.53876938469236,0.9470094700855802
-77.33866933466734,0.9470094700855802
-77.13856928464233,0.9470094700855802
-76.93846923461732,0.9570095700905945
-76.7383691845923,0.9570095700905945
-76.53826913456729,0.9570095700905945
-76.33816908454227,0.9570095700905945
-76.13806903451727,0.9670096700886699
-75.93796898449226,0.9670096700886699
-75.73786893446724,0.9670096700886699
-75.53776888444223,0.9670096700886699
-75.33766883441722,0.9770097700936842
-75.1375687843922,0.9770097700936842
-74.93746873436719,0.9770097700936842
-74.73736868434217,0.9770097700936842
-74.53726863431717,0.9870098700917596
-74.33716858429216,0.9870098700917596
-74.13706853426714,0.9870098700917596
-73.93696848424213,0.9970099700967738
-73.73686843421712,0.9970099700967738
-73.5367683841921,0.9970099700967738
-73.33666833416709,0.9970099700967738
-73.13656828414207,1.0070100700948492
-72.93646823411707,1.0070100700948492
-72.73636818409206,1.0070100700948492
-72.53626813406704,1.0170101700998635
-72.33616808404203,1.0170101700998635
-72.13606803401701,1.0170101700998635
-71.93596798399201,1.0170101700998635
-71.735867933967,1.0270102700979389
-71.53576788394199,1.0270102700979389
-71.33566783391697,1.0270102700979389
-71.13556778389196,1.0370103700960143
-70.93546773386694,1.0370103700960143
-70.73536768384193,1.0370103700960143
-70.53526763381691,1.0470104701010285
-70.3351675837919,1.0470104701010285
-70.13506753376689,1.0470104701010285
-69.93496748374187,1.0470104701010285
-69.73486743371686,1.057010570099104
-69.53476738369184,1.057010570099104
-69.33466733366683,1.057010570099104
-69.13456728364184,1.0670106701041182
-68.93446723361683,1.0670106701041182
-68.73436718359181,1.0670106701041182
-68.5342671335668,1.0770107701021936
-68.33416708354179,1.0770107701021936
-68.13406703351677,1.0770107701021936
-67.93396698349176,1.0870108701072079
-67.73386693346674,1.0870108701072079
-67.53376688344173,1.0870108701072079
-67.33366683341671,1.0970109701052833
-67.1335667833917,1.0970109701052833
-66.93346673336669,1.0970109701052833
-66.73336668334167,1.1070110701102975
-66.53326663331666,1.1070110701102975
-66.33316658329164,1.1070110701102975
-66.13306653326663,1.117011170108373
-65.93296648324164,1.117011170108373
-65.73286643321663,1.117011170108373
-65.53276638319161,1.1270112701064483
-65.3326663331666,1.1270112701064483
-65.13256628314159,1.1270112701064483
-64.93246623311657,1.1370113701114626
-64.73236618309156,1.1370113701114626
-64.53226613306654,1.147011470109538
-64.33216608304153,1.147011470109538
-64.13206603301651,1.147011470109538
-63.9319659829915,1.1570115701145522
-63.731865932966485,1.1570115701145522
-63.53176588294147,1.1570115701145522
-63.33166583291646,1.1670116701126276
-63.13156578289144,1.1670116701126276
-62.93146573286643,1.177011770117642
-62.73136568284144,1.177011770117642
-62.53126563281643,1.177011770117642
-62.331165582791414,1.1870118701087784
-62.1310655327664,1.1870118701087784
-61.930965482741385,1.1970119701137927
-61.73086543271637,1.1970119701137927
-61.53076538269136,1.1970119701137927
-61.33066533266634,1.207012070111868
-61.13056528264133,1.207012070111868
-60.930465232616314,1.2170121701099434
-60.7303651825913,1.2170121701099434
-60.530265132566285,1.2170121701099434
-60.33016508254127,1.2270122701149577
-60.13006503251626,1.2270122701149577
-59.92996498249124,1.237012370113033
-59.72986493246623,1.237012370113033
-59.52976488244124,1.2470124701180474
-59.32966483241623,1.2470124701180474
-59.12956478239121,1.2470124701180474
-58.9294647323662,1.2570125701161228
-58.729364682341185,1.2570125701161228
-58.52926463231617,1.267012670121137
-58.329164582291156,1.267012670121137
-58.12906453226614,1.2770127701192124
-57.92896448224113,1.2770127701192124
-57.72886443221611,1.2770127701192124
-57.5287643821911,1.2870128701172878
-57.328664332166085,1.2870128701172878
-57.12856428214107,1.297012970122302
-56.928464232116056,1.297012970122302
-56.72836418209104,1.3070130701203775
-56.528264132066056,1.3070130701203775
-56.32816408204104,1.3170131701253918
-56.12806403201603,1.3170131701253918
-55.92796398199101,1.3270132701234671
-55.727863931966,1.3270132701234671
-55.527763881940984,1.3370133701284814
-55.32766383191597,1.3370133701284814
-55.127563781890956,1.3470134701265568
-54.92746373186594,1.3470134701265568
-54.72736368184093,1.357013570131571
-54.52726363181591,1.357013570131571
-54.3271635817909,1.3670136701296465
-54.127063531765884,1.3670136701296465
-53.92696348174087,1.3770137701277219
-53.726863431715856,1.3770137701277219
-53.52676338169084,1.3870138701327361
-53.326663331665856,1.3870138701327361
-53.12656328164084,1.3970139701308115
-52.92646323161583,1.3970139701308115
-52.72636318159081,1.4070140701358258
-52.5262631315658,1.4170141701339012
-52.326163081540784,1.4170141701339012
-52.12606303151577,1.4270142701389155
-51.925962981490756,1.4270142701389155
-51.72586293146574,1.4370143701369908
-51.52576288144073,1.4370143701369908
-51.32566283141571,1.4470144701420051
-51.1255627813907,1.4570145701400805
-50.925462731365684,1.4570145701400805
-50.72536268134067,1.467014670138156
-50.525262631315655,1.467014670138156
-50.32516258129064,1.4770147701431702
-50.125062531265655,1.4870148701412456
-49.92496248124064,1.4870148701412456
-49.72486243121563,1.4970149701462598
-49.52476238119061,1.4970149701462598
-49.3246623311656,1.5070150701443352
-49.124562281140584,1.5170151701493495
-48.92446223111557,1.5170151701493495
-48.724362181090555,1.5270152701474249
-48.52426213106554,1.5370153701524392
-48.32416208104053,1.5370153701524392
-48.12406203101551,1.5470154701505145
-47.9239619809905,1.5470154701505145
-47.723861930965484,1.55701557014859
-47.52376188094047,1.5670156701536042
-47.323661830915455,1.5670156701536042
-47.12356178089044,1.5770157701516796
-46.923461730865455,1.5870158701566939
-46.72336168084044,1.5970159701547693
-46.523261630815426,1.5970159701547693
-46.32316158079041,1.6070160701597835
-46.1230615307654,1.617016170157859
-45.92296148074038,1.617016170157859
-45.72286143071537,1.6270162701628732
-45.522761380690355,1.6370163701609486
-45.32266133066534,1.647016470152085
-45.122561280640326,1.647016470152085
-44.92246123061531,1.6570165701570994
-44.7223611805903,1.6670166701551747
-44.52226113056528,1.677016770160189
-44.32216108054027,1.677016770160189
-44.122061030515255,1.6870168701582644
-43.92196098049027,1.6970169701632787
-43.721860930465255,1.707017070161354
-43.52176088044024,1.7170171701663683
-43.321660830415226,1.7170171701663683
-43.12156078039021,1.7270172701644437
-42.9214607303652,1.7370173701625191
-42.72136068034018,1.7470174701675334
-42.52126063031517,1.7570175701656088
-42.321160580290154,1.7570175701656088
-42.12106053026514,1.767017670170623
-41.920960480240126,1.7770177701686984
-41.72086043021511,1.7870178701737127
-41.5207603801901,1.797017970171788
-41.32066033016508,1.8070180701768024
-41.12056028014007,1.8170181701748778
-40.920460230115054,1.8270182701729532
-40.72036018009007,1.8370183701779674
-40.520260130065054,1.8370183701779674
-40.32016008004004,1.8470184701760428
-40.120060030015026,1.857018570181057
-39.91995997999001,1.8670186701791325
-39.719859929965,1.8770187701841468
-39.51975987993998,1.8870188701822221
-39.31965982991497,1.8970189701802975
-39.119559779889954,1.9070190701853118
-38.91945972986494,1.9170191701833872
-38.719359679839926,1.9270192701884015
-38.51925962981491,1.9370193701864769
-38.3191595797899,1.9470194701914911
-38.11905952976488,1.9570195701895665
-37.91895947973987,1.9670196701945808
-37.718859429714854,1.9770197701926562
-37.51875937968987,1.9870198701976705
-37.318659329664854,2.0070200701938212
-37.11855927963984,2.0170201701988355
-36.918459229614825,2.027020270196911
-36.71835917958981,2.037020370201925
-36.5182591295648,2.0470204702000006
-36.31815907953978,2.057020570205015
-36.11805902951477,2.06702067020309
-35.917958979489754,2.0770207702011656
-35.71785892946474,2.0970209702042553
-35.517758879439725,2.1070210702092695
-35.31765882941471,2.117021170200406
-35.1175587793897,2.1270212702054203
-34.91745872936468,2.14702147020851
-34.71735867933967,2.1570215702065854
-34.517258629314654,2.1670216702046607
-34.31715857928967,2.177021770209675
-34.11705852926465,2.1970219702127647
-33.91695847923964,2.20702207021084
-33.716858429214625,2.2170221702158543
-33.51675837918961,2.237022370218944
-33.316658329164596,2.2470224702170194
-33.11655827913958,2.257022570215095
-32.91645822911457,2.2770227702181844
-32.71635817908955,2.2870228702231987
-32.51625812906454,2.3070230702262884
-32.316158079039525,2.3170231702243638
-32.11605802901451,2.327023270229378
-31.915957978989496,2.347023470225529
-31.715857928964482,2.357023570230543
-31.515757878939468,2.3770237702336328
-31.315657828914482,2.3970239702367224
-31.115557778889467,2.407024070234798
-30.915457728864453,2.4270242702378875
-30.71535767883944,2.437024370235963
-30.515257628814425,2.4570245702390525
-30.31515757878941,2.477024770242142
-30.115057528764396,2.4870248702471565
-29.91495747873938,2.507025070250246
-29.714857428714367,2.527025270246397
-29.514757378689353,2.537025370251411
-29.31465732866434,2.557025570254501
-29.114557278639325,2.5770257702575905
-28.91445722861431,2.5970259702537413
-28.714357178589296,2.6070260702518167
-28.51425712856428,2.6270262702549063
-28.314157078539267,2.647026470257996
-28.11405702851428,2.6670266702610856
-27.913956978489267,2.6870268702572364
-27.713856928464253,2.707027070260326
-27.51375687843924,2.7270272702634157
-27.313656828414224,2.7470274702665054
-27.11355677838921,2.767027670269595
-26.913456728364196,2.7870278702726847
-26.71335667833918,2.8070280702757744
-26.513256628314167,2.827028270278864
-26.313156578289153,2.857028570280029
-26.11305652826414,2.8770287702831188
-25.912956478239124,2.8970289702862084
-25.71285642821411,2.917029170289298
-25.512756378189096,2.947029470290463
-25.31265632816408,2.967029670293553
-25.112556278139067,2.9870298702966425
-24.91245622811408,3.0170301702978075
-24.712356178089067,3.037030370300897
-24.512256128064053,3.0670306702951233
-24.312156078039038,3.087030870298213
-24.112056028014024,3.117031170306317
-23.91195597798901,3.1370313703024677
-23.711855927963995,3.1670316703105716
-23.51175587793898,3.1970319703117367
-23.311655827913967,3.2270322703129017
-23.111555777888952,3.2470324703159914
-22.911455727863938,3.2770327703240953
-22.711355677838924,3.3070330703252604
-22.51125562781391,3.3370333703264254
-22.311155577788895,3.3670336703345294
-22.11105552776388,3.3970339703356944
-21.910955477738867,3.4270342703368595
-21.71085542771388,3.4570345703449634
-21.510755377688866,3.497034970344204
-21.310655327663852,3.527035270345369
-21.110555277638838,3.557035570346534
-20.910455227613824,3.5970359703527133
-20.71035517758881,3.6270362703538783
-20.510255127563795,3.6670366703600576
-20.31015507753878,3.6970369703612227
-20.110055027513766,3.737037370367402
-19.909954977488752,3.7770377703735813
-19.709854927463738,3.8170381703797607
-19.509754877438723,3.857038570379001
-19.30965482741371,3.8970389703851804
-19.109554777388695,3.9370393703913598
-18.90945472736368,3.977039770397539
-18.709354677338695,4.017040170389841
-18.50925462731368,4.05704057039602
-18.309154577288666,4.107041070400275
-18.109054527263652,4.147041470406454
-17.908954477238638,4.197041970410709
-17.708854427213623,4.247042470421903
-17.50875437718861,4.297042970426157
-17.308654327163595,4.347043470430412
-17.10855427713858,4.397043970434666
-16.908454227113566,4.447044470431982
-16.70835417708855,4.497044970443175
-16.508254127063537,4.557045570445506
-16.308154077038523,4.6070460704567
-16.10805402701351,4.66704667045903
-15.907953976988495,4.727047270468299
-15.70785392696348,4.787047870477568
-15.507753876938494,4.847048470479898
-15.30765382691348,4.907049070489167
-15.107553776888466,4.977049770489572
-14.907453726863451,5.047050470496917
-14.707353676838437,5.107051070506186
-14.507253626813423,5.17705177051353
-14.307153576788409,5.257052570518949
-14.107053526763394,5.327053270526294
-13.90695347673838,5.407054070531714
-13.706853426713366,5.487054870537134
-13.506753376688351,5.567055670549492
-13.306653326663337,5.647056470561851
-13.106553276638323,5.737057370572285
-12.906453226613309,5.827058270582719
-12.706353176588294,5.917059170586214
-12.50625312656328,6.007060070596648
-12.306153076538294,6.107061070605157
-12.10605302651328,6.2070620706136665
-11.905952976488265,6.307063070629115
-11.705852926463251,6.4170641706357
-11.505752876438237,6.527065270649224
-11.305652826413223,6.637066370655809
-11.105552776388208,6.757067570674346
-10.905452726363194,6.887068870677082
-10.70535267633818,7.007070070695621
-10.505252626313165,7.1470714707103085
-10.305152576288151,7.277072770719983
-10.105052526263137,7.4270742707327475
-9.904952476238122,7.567075670754376
-9.704852426213108,7.727077270772154
-9.504752376188094,7.887078870782993
-9.30465232616308,8.057080570798847
-9.104552276138094,8.227082270814702
-8.90445222611308,8.417084170833643
-8.704352176088065,8.607086070859527
-8.50425212606305,8.807088070876546
-8.304152076038037,9.017090170898578
-8.104052026013022,9.227092270913673
-7.903951975988008,9.457094570938796
-7.703851925962994,9.707097070960069
-7.503751875937979,9.957099570988282
-7.303651825912965,10.227102271012644
-7.103551775887951,10.507105071048962
-6.903451725862936,10.80710807107449
-6.703351675837922,11.127111271103107
-6.503251625812908,11.457114571143679
-6.3031515757878935,11.817118171178475
-6.103051525762908,12.197121971216362
-5.902951475737893,12.5971259712504
-5.702851425712879,13.037130371297556
-5.502751375687865,13.497134971340863
-5.3026513256628505,13.987139871392273
-5.102551275637836,14.527145271447939
-4.902451225612822,15.107151071509783
-4.702351175587808,15.727157271563929
-4.502251125562793,16.407164071634284
-4.302151075537779,17.14717147170697
-4.102051025512765,17.94717947178892
-3.9019509754877504,18.837188371881307
-3.701850925462736,19.81719817197719
-3.501750875437722,20.90720907207966
-3.3016508254127075,22.1172211722076
-3.101550775387693,23.477234772341372
-2.9014507253627073,25.01725017249601
-2.701350675337693,26.777267772670754
-2.5012506253126787,28.79728797287179
-2.3011505752876644,31.147311473106456
-2.10105052526265,33.91733917339212
-1.9009504752376358,37.217372173714566
-1.7008504252126215,41.23741237412049
-1.5007503751876072,46.23746237461535
-1.300650325162593,52.59752597525785
-1.1005502751375786,60.99760997609754
-0.9004502251125643,72.57772577725503
-0.70035017508755,89.57789577895142
-0.5002501250625357,116.98816988169047
-0.30015007503752145,168.5386853868473
0.7003501750875216,-140.21440214402602
0.9004502251125359,-102.63402634027446
1.1005502751375502,-80.94380943809986
1.3006503251625645,-66.82366823668879
1.5007503751875788,-56.9035690356906
1.700850425212593,-49.543495434963006
1.9009504752376074,-43.87343873438893
2.1010505252626217,-39.37339373394355
2.301150575287636,-35.7033570335813
2.5012506253126503,-32.66332663327126
2.7013506753376646,-30.103301033021502
2.901450725362679,-27.913279132797676
3.101550775387693,-26.023260232606315
3.3016508254127075,-24.373243732445093
3.5017508754376934,-22.913229132295875
3.7018509254627077,-21.62321623216945
3.901950975487722,-20.473204732050775
4.102051025512736,-19.433194331945625
4.302151075537751,-18.503185031853995
4.502251125562765,-17.65317653176779
4.702351175587779,-16.873168731695863
4.9024512256127935,-16.163161631617406
5.102551275637808,-15.513155131562096
5.302651325662822,-14.91314913149716
5.502751375687836,-14.353143531438405
5.702851425712851,-13.843138431390845
5.902951475737865,-13.36313363133751
6.103051525762879,-12.913129131292278
6.3031515757878935,-12.493124931255151
6.503251625812879,-12.10312103121225
6.703351675837894,-11.733117331179377
6.903451725862908,-11.383113831149593
7.103551775887922,-11.063110631107097
7.303651825912937,-10.753107531083494
7.503751875937951,-10.46310463105604
7.703851925962965,-10.183101831019725
7.9039519759879795,-9.923099231000377
8.104052026012994,-9.673096730972164
8.304152076038008,-9.433094330948965
8.504252126063022,-9.213092130921918
8.704352176088037,-8.993089930908749
8.904452226113051,-8.793087930884791
9.104552276138065,-8.593085930867773
9.30465232616308,-8.413084130846904
9.504752376188094,-8.233082330826036
9.70485242621308,-8.06308063081712
9.904952476238094,-7.893078930794328
10.105052526263108,-7.73307733077655
10.305152576288123,-7.583075830763786
10.505252626313137,-7.443074430749097
10.705352676338151,-7.303073030734408
10.905452726363166,-7.163071630726659
11.10555277638818,-7.033070330710045
11.305652826413194,-6.903069030693432
11.505752876438208,-6.783067830681833
11.705852926463223,-6.673066730675248
11.905952976488237,-6.553065530663648
12.106053026513251,-6.443064430650125
12.306153076538266,-6.343063430634677
12.50625312656328,-6.243062430633106
12.706353176588294,-6.143061430624597
12.90645322661328,-6.043060430609149
13.106553276638294,-5.953059530598715
13.306653326663309,-5.863058630588281
13.506753376688323,-5.773057730584785
13.706853426713337,-5.693056930579365
13.906953476738352,-5.613056130567006
14.107053526763366,-5.533055330561587
14.30715357678838,-5.453054530549228
14.507253626813394,-5.37305373053687
14.707353676838409,-5.303053030536464
14.907453726863423,-5.2330523305291194
15.107553776888437,-5.1630516305217755
15.307653826913452,-5.093050930514432
15.507753876938466,-5.033050330505162
15.70785392696348,-4.963049630497817
15.907953976988495,-4.903049030502427
16.10805402701348,-4.843048430493157
16.308154077038495,-4.783047830483889
16.50825412706351,-4.7230472304815585
16.708354177088523,-4.663046630472289
16.908454227113538,-4.613046130468035
17.108554277138552,-4.553045530458766
17.308654327163566,-4.503045030454511
17.50875437718858,-4.453044530450256
17.708854427213595,-4.403044030446002
17.90895447723861,-4.353043530441747
18.109054527263623,-4.303043030437492
18.309154577288638,-4.263042630431313
18.509254627313652,-4.213042130427058
18.709354677338666,-4.1630416304228035
18.90945472736368,-4.123041230416624
19.109554777388666,-4.083040830410445
19.30965482741368,-4.043040430411205
19.509754877438695,-3.993039930400011
19.70985492746371,-3.9530395304077093
19.909954977488724,-3.91303913040153
20.110055027513738,-3.883038830393426
20.310155077538752,-3.8430384303941856
20.510255127563767,-3.8030380303880063
20.71035517758878,-3.763037630381827
20.910455227613795,-3.733037330380662
21.11055527763881,-3.6930369303744826
21.310655327663824,-3.6630366303733175
21.510755377688838,-3.623036230367138
21.710855427713852,-3.593035930365973
21.910955477738867,-3.563035630357869
22.11105552776388,-3.533035330356704
22.311155577788867,-3.4930349303574637
22.51125562781388,-3.4630346303562987
22.711355677838895,-3.4330343303551336
22.91145572786391,-3.4030340303470297
23.111555777888924,-3.3730337303458646
23.31165582791394,-3.3430334303446996
23.511755877938953,-3.32303323034161
23.711855927963967,-3.293032930333506
23.91195597798898,-3.263032630332341
24.112056028013996,-3.233032330331176
24.31215607803901,-3.213032130328086
24.512256128064024,-3.1830318303199823
24.71235617808904,-3.1630316303238315
24.912456228114053,-3.1330313303157276
25.112556278139067,-3.113031130312638
25.31265632816408,-3.083030830311473
25.512756378189067,-3.063030630308383
25.71285642821408,-3.033030330314157
25.912956478239096,-3.0130301303110674
26.11305652826411,-2.9930299303079777
26.313156578289124,-2.973029730304888
26.51325662831414,-2.943029430303723
26.713356678339153,-2.9230292303006333
26.913456728364167,-2.9030290302975437
27.11355677838918,-2.883028830294454
27.313656828414196,-2.8630286302913643
27.51375687843921,-2.8430284302882747
27.713856928464224,-2.823028230292124
27.91395697848924,-2.8030280302890342
28.114057028514253,-2.7830278302859446
28.314157078539267,-2.763027630282855
28.51425712856428,-2.7430274302797653
28.714357178589268,-2.7230272302766756
28.914457228614282,-2.703027030273586
29.114557278639296,-2.6830268302704963
29.31465732866431,-2.6630266302674066
29.514757378689325,-2.653026530269331
29.71485742871434,-2.6330263302662416
29.914957478739353,-2.613026130263152
30.115057528764368,-2.5930259302600622
30.315157578789382,-2.583025830261987
30.515257628814396,-2.563025630265836
30.71535767883941,-2.5430254302627464
30.915457728864425,-2.533025330264671
31.11555777888944,-2.5130251302615814
31.315657828914453,-2.503025030256567
31.515757878939468,-2.4830248302534774
31.715857928964454,-2.4630246302573267
31.915957978989468,-2.4530245302523124
32.11605802901448,-2.4330243302492227
32.316158079039496,-2.4230242302511473
32.51625812906451,-2.4030240302480577
32.716358179089525,-2.3930239302430434
32.91645822911454,-2.383023830244968
33.116558279139554,-2.3630236302418783
33.31665832916457,-2.353023530243803
33.51675837918958,-2.3330233302407133
33.7168584292146,-2.323023230235699
33.91695847923961,-2.3130231302376236
34.117058529264625,-2.293022930234534
34.31715857928964,-2.2830228302364586
34.517258629314654,-2.2730227302314443
34.71735867933967,-2.2530225302283546
34.917458729364654,-2.2430224302302793
35.11755877938967,-2.233022330225265
35.31765882941468,-2.2230222302271896
35.5177588794397,-2.2030220302241
35.71785892946471,-2.1930219302260245
35.917958979489725,-2.1830218302210103
36.11805902951474,-2.173021730222935
36.318159079539754,-2.1630216302179206
36.51825912956477,-2.143021430214831
36.71835917958978,-2.1330213302167556
36.9184592296148,-2.12302123021868
37.11855927963981,-2.113021130213666
37.318659329664825,-2.1030210302225294
37.51875937968984,-2.093020930217515
37.718859429714854,-2.0830208302194397
37.91895947973987,-2.0730207302144255
38.119059529764854,-2.053020530211336
38.31915957978987,-2.0430204302132604
38.51925962981488,-2.033020330215185
38.7193596798399,-2.0230202302101707
38.91945972986491,-2.0130201302120954
39.119559779889926,-2.003020030207081
39.31965982991494,-1.9930199302090057
39.519759879939954,-1.9830198302039914
39.71985992996497,-1.973019730205916
39.91995997998998,-1.9630196302009018
40.120060030015,-1.9530195302028264
40.32016008004001,-1.943019430204751
40.520260130065026,-1.9330193301997367
40.72036018009004,-1.9330193301997367
40.920460230115054,-1.9230192302016613
41.12056028014007,-1.913019130196647
41.320660330165055,-1.9030190301985717
41.52076038019007,-1.8930189301935574
41.72086043021508,-1.883018830195482
41.9209604802401,-1.8730187301904677
42.12106053026511,-1.8630186301923923
42.321160580290126,-1.853018530194317
42.52126063031514,-1.853018530194317
42.721360680340155,-1.8430184301893027
42.92146073036517,-1.8330183301912273
43.12156078039018,-1.823018230186213
43.3216608304152,-1.8130181301881376
43.52176088044021,-1.8030180301831233
43.721860930465226,-1.8030180301831233
43.92196098049024,-1.793017930185048
44.122061030515255,-1.7830178301800337
44.32216108054024,-1.7730177301819583
44.522261130565255,-1.763017630183883
44.72236118059027,-1.763017630183883
44.92246123061528,-1.7530175301788686
45.1225612806403,-1.7430174301807932
45.32266133066531,-1.733017330175779
45.522761380690326,-1.733017330175779
45.72286143071534,-1.7230172301777036
45.922961480740355,-1.7130171301726893
46.12306153076537,-1.703017030174614
46.323161580790384,-1.703017030174614
46.5232616308154,-1.6930169301695996
46.72336168084041,-1.6830168301715243
46.92346173086543,-1.6830168301715243
47.12356178089044,-1.6730167301734489
47.323661830915455,-1.6630166301684346
47.52376188094044,-1.6530165301703592
47.723861930965455,-1.6530165301703592
47.92396198099047,-1.643016430165345
48.124062031015484,-1.6330163301742084
48.3241620810405,-1.6330163301742084
48.52426213106551,-1.6230162301691942
48.72436218109053,-1.6130161301711188
48.92446223111554,-1.6130161301711188
49.124562281140555,-1.6030160301661045
49.32466233116557,-1.6030160301661045
49.524762381190584,-1.5930159301680291
49.7248624312156,-1.5830158301699537
49.92496248124061,-1.5830158301699537
50.12506253126563,-1.5730157301649395
50.32516258129064,-1.563015630166864
50.525262631315655,-1.563015630166864
50.72536268134064,-1.5530155301618498
50.925462731365656,-1.5530155301618498
51.12556278139067,-1.5430154301637744
51.325662831415684,-1.5330153301587601
51.5257628814407,-1.5330153301587601
51.72586293146571,-1.5230152301606847
51.92596298149073,-1.5230152301606847
52.12606303151574,-1.5130151301626094
52.326163081540756,-1.5130151301626094
52.52626313156577,-1.503015030157595
52.726363181590784,-1.4930149301595197
52.9264632316158,-1.4930149301595197
53.12656328164081,-1.4830148301545054
53.32666333166583,-1.4830148301545054
53.52676338169084,-1.47301473015643
53.726863431715856,-1.47301473015643
53.92696348174084,-1.4630146301514158
54.127063531765856,-1.4630146301514158
54.32716358179087,-1.4530145301533404
54.527263631815885,-1.4530145301533404
54.7273636818409,-1.443014430148326
54.92746373186591,-1.443014430148326
55.12756378189093,-1.4330143301502507
55.32766383191594,-1.4330143301502507
55.527763881940956,-1.4230142301521753
55.72786393196597,-1.4230142301521753
55.927963981990985,-1.413014130147161
56.12806403201597,-1.413014130147161
56.328164082040985,-1.4030140301490857
56.528264132066,-1.4030140301490857
56.72836418209101,-1.3930139301440714
56.92846423211603,-1.3930139301440714
57.12856428214104,-1.383013830145996
57.328664332166056,-1.383013830145996
57.52876438219107,-1.3730137301409817
57.728864432216085,-1.3730137301409817
57.9289644822411,-1.3630136301429063
58.12906453226611,-1.3630136301429063
58.32916458229113,-1.353013530137892
58.52926463231614,-1.353013530137892
58.729364682341156,-1.353013530137892
58.92946473236617,-1.3430134301398167
59.129564782391185,-1.3430134301398167
59.3296648324162,-1.3330133301417413
59.529764882441214,-1.3330133301417413
59.72986493246623,-1.323013230136727
59.92996498249124,-1.323013230136727
60.13006503251626,-1.3130131301386516
60.33016508254127,-1.3130131301386516
60.530265132566285,-1.3130131301386516
60.7303651825913,-1.3030130301336373
60.930465232616314,-1.3030130301336373
61.13056528264133,-1.293012930135562
61.33066533266634,-1.293012930135562
61.53076538269136,-1.293012930135562
61.730865432716314,-1.2830128301305477
61.93096548274133,-1.2830128301305477
62.13106553276634,-1.2730127301324723
62.33116558279136,-1.2730127301324723
62.53126563281637,-1.2730127301324723
62.731365682841385,-1.263012630127458
62.9314657328664,-1.263012630127458
63.131565782891414,-1.2530125301293826
63.33166583291643,-1.2530125301293826
63.53176588294144,-1.2530125301293826
63.73186593296646,-1.2430124301313072
63.93196598299147,-1.2430124301313072
64.13206603301649,-1.233012330126293
64.3321660830415,-1.233012330126293
64.53226613306651,-1.233012330126293
64.73236618309153,-1.2230122301282176
64.93246623311654,-1.2230122301282176
65.13256628314156,-1.2230122301282176
65.33266633316657,-1.2130121301232033
65.53276638319159,-1.2130121301232033
65.7328664332166,-1.2130121301232033
65.93296648324161,-1.203012030125128
66.13306653326663,-1.203012030125128
66.33316658329164,-1.203012030125128
66.53326663331666,-1.1930119301201136
66.73336668334167,-1.1930119301201136
66.93346673336669,-1.1830118301220383
67.1335667833917,-1.1830118301220383
67.33366683341671,-1.1830118301220383
67.53376688344173,-1.173011730117024
67.73386693346674,-1.173011730117024
67.93396698349176,-1.173011730117024
68.13406703351671,-1.1630116301258875
68.33416708354173,-1.1630116301258875
68.53426713356674,-1.1630116301258875
68.73436718359176,-1.153011530127812
68.93446723361677,-1.153011530127812
69.13456728364179,-1.153011530127812
69.3346673336668,-1.1430114301227978
69.53476738369181,-1.1430114301227978
69.73486743371683,-1.1430114301227978
69.93496748374184,-1.1430114301227978
70.13506753376686,-1.1330113301247224
70.33516758379187,-1.1330113301247224
70.53526763381689,-1.1330113301247224
70.7353676838419,-1.1230112301197082
70.93546773386691,-1.1230112301197082
71.13556778389193,-1.1230112301197082
71.33566783391694,-1.1130111301216328
71.53576788394196,-1.1130111301216328
71.73586793396697,-1.1130111301216328
71.93596798399199,-1.1030110301166185
72.136068034017,-1.1030110301166185
72.33616808404201,-1.1030110301166185
72.53626813406703,-1.1030110301166185
72.73636818409204,-1.0930109301185431
72.93646823411706,-1.0930109301185431
73.13656828414207,-1.0930109301185431
73.33666833416709,-1.0830108301135288
73.5367683841921,-1.0830108301135288
73.73686843421712,-1.0830108301135288
73.93696848424213,-1.0830108301135288
74.13706853426714,-1.0730107301154534
74.3371685842921,-1.0730107301154534
74.53726863431712,-1.0730107301154534
74.73736868434213,-1.063010630117378
74.93746873436714,-1.063010630117378
75.13756878439216,-1.063010630117378
75.33766883441717,-1.063010630117378
75.53776888444219,-1.0530105301123638
75.7378689344672,-1.0530105301123638
75.93796898449222,-1.0530105301123638
76.13806903451723,-1.0530105301123638
76.33816908454224,-1.0430104301142884
76.53826913456726,-1.0430104301142884
76.73836918459227,-1.0430104301142884
76.93846923461729,-1.0430104301142884
77.1385692846423,-1.0330103301092741
77.33866933466732,-1.0330103301092741
77.53876938469233,-1.0330103301092741
77.73886943471734,-1.0230102301111987
77.93896948474236,-1.0230102301111987
78.13906953476737,-1.0230102301111987
78.33916958479239,-1.0230102301111987
78.5392696348174,-1.0130101301061845
78.73936968484242,-1.0130101301061845
78.93946973486743,-1.0130101301061845
79.13956978489244,-1.0130101301061845
79.33966983491746,-1.003010030108109
79.53976988494247,-1.003010030108109
79.73986993496749,-1.003010030108109
79.9399699849925,-1.003010030108109
80.14007003501752,-1.003010030108109
80.34017008504253,-0.9930099301030948
80.54027013506754,-0.9930099301030948
80.7403701850925,-0.9930099301030948
80.94047023511752,-0.9930099301030948
81.14057028514253,-0.9830098301050194
81.34067033516754,-0.9830098301050194
81.54077038519256,-0.9830098301050194
81.74087043521757,-0.9830098301050194
81.94097048524259,-0.973009730106944
82.1410705352676,-0.973009730106944
82.34117058529262,-0.973009730106944
82.54127063531763,-0.973009730106944
82.74137068534264,-0.973009730106944
82.94147073536766,-0.9630096301019297
83.14157078539267,-0.9630096301019297
83.34167083541769,-0.9630096301019297
83.5417708854427,-0.9630096301019297
83.74187093546772,-0.9530095301038544
83.94197098549273,-0.9530095301038544
84.14207103551774,-0.9530095301038544
84.34217108554276,-0.9530095301038544
84.54227113556777,-0.9530095301038544
84.74237118559279,-0.9430094300988401
84.9424712356178,-0.9430094300988401
85.14257128564282,-0.9430094300988401
85.34267133566783,-0.9430094300988401
85.54277138569284,-0.9330093301007647
85.74287143571786,-0.9330093301007647
85.94297148574287,-0.9330093301007647
86.14307153576789,-0.9330093301007647
86.3431715857929,-0.9330093301007647
86.54327163581792,-0.9230092300957504
86.74337168584293,-0.9230092300957504
86.94347173586789,-0.9230092300957504
87.1435717858929,-0.9230092300957504
87.34367183591792,-0.9230092300957504
87.54377188594293,-0.913009130097675
87.74387193596795,-0.913009130097675
87.94397198599296,-0.913009130097675
88.14407203601797,-0.913009130097675
88.34417208604299,-0.913009130097675
88.544272136068,-0.9030090300926608
88.74437218609302,-0.9030090300926608
88.94447223611803,-0.9030090300926608
89.14457228614305,-0.9030090300926608
89.34467233616806,-0.9030090300926608
89.54477238619307,-0.8930089300945854
89.74487243621809,-0.8930089300945854
89.9449724862431,-0.8930089300945854
90.14507253626812,-0.8930089300945854
90.34517258629313,-0.8930089300945854
90.54527263631815,-0.8930089300945854
90.74537268634316,-0.88300883009651
90.94547273636817,-0.88300883009651
91.14557278639319,-0.88300883009651
91.3456728364182,-0.88300883009651
91.54577288644322,-0.88300883009651
91.74587293646823,-0.8730087300914957
91.94597298649325,-0.8730087300914957
92.14607303651826,-0.8730087300914957
92.34617308654327,-0.8730087300914957
92.54627313656829,-0.8730087300914957
92.7463731865933,-0.8630086300934203
92.94647323661832,-0.8630086300934203
93.14657328664333,-0.8630086300934203
93.34667333666829,-0.8630086300934203
93.5467733866933,-0.8630086300934203
93.74687343671832,-0.8630086300934203
93.94697348674333,-0.853008530088406
94.14707353676835,-0.853008530088406
94.34717358679336,-0.853008530088406
94.54727363681837,-0.853008530088406
94.74737368684339,-0.853008530088406
94.9474737368684,-0.853008530088406
95.14757378689342,-0.8430084300903307
95.34767383691843,-0.8430084300903307
95.54777388694345,-0.8430084300903307
95.74787393696846,-0.8430084300903307
95.94797398699347,-0.8430084300903307
96.14807403701849,-0.8430084300903307
96.3481740870435,-0.8330083300853164
96.54827413706852,-0.8330083300853164
96.74837418709353,-0.8330083300853164
96.94847423711855,-0.8330083300853164
97.14857428714356,-0.8330083300853164
97.34867433716857,-0.8330083300853164
97.54877438719359,-0.823008230087241
97.7488744372186,-0.823008230087241
97.94897448724362,-0.823008230087241
98.14907453726863,-0.823008230087241
98.34917458729365,-0.823008230087241
98.54927463731866,-0.823008230087241
98.74937468734367,-0.8130081300822267
98.94947473736869,-0.8130081300822267
99.1495747873937,-0.8130081300822267
99.34967483741872,-0.8130081300822267
99.54977488744368,-0.8130081300822267
99.74987493746869,-0.8130081300822267
99.9499749874937,-0.8130081300822267
100.15007503751872,-0.8030080300841513
100.35017508754373,-0.8030080300841513
100.55027513756875,-0.8030080300841513
100.75037518759376,-0.8030080300841513
100.95047523761878,-0.8030080300841513
101.15057528764379,-0.8030080300841513
101.3506753376688,-0.793007930086076
101.55077538769382,-0.793007930086076
101.75087543771883,-0.793007930086076
101.95097548774385,-0.793007930086076
102.15107553776886,-0.793007930086076
102.35117558779388,-0.793007930086076
102.55127563781889,-0.793007930086076
102.7513756878439,-0.7830078300810617
102.95147573786892,-0.7830078300810617
103.15157578789393,-0.7830078300810617
103.35167583791895,-0.7830078300810617
103.55177588794396,-0.7830078300810617
103.75187593796898,-0.7830078300810617
103.95197598799399,-0.7830078300810617
104.152076038019,-0.7730077300829863
104.35217608804402,-0.7730077300829863
104.55227613806903,-0.7730077300829863
104.75237618809405,-0.7730077300829863
104.95247623811906,-0.7730077300829863
105.15257628814408,-0.7730077300829863
105.35267633816909,-0.7730077300829863
105.5527763881941,-0.763007630077972
105.75287643821912,-0.763007630077972
105.95297648824408,-0.763007630077972
106.15307653826909,-0.763007630077972
106.3531765882941,-0.763007630077972
106.55327663831912,-0.763007630077972
106.75337668834413,-0.763007630077972
106.95347673836915,-0.7530075300798966
107.15357678839416,-0.7530075300798966
107.35367683841918,-0.7530075300798966
107.55377688844419,-0.7530075300798966
107.7538769384692,-0.7530075300798966
107.95397698849422,-0.7530075300798966
108.15407703851923,-0.7530075300798966
108.35417708854425,-0.7530075300798966
108.55427713856926,-0.7430074300748823
108.75437718859428,-0.7430074300748823
108.95447723861929,-0.7430074300748823
109.1545772886443,-0.7430074300748823
109.35467733866932,-0.7430074300748823
109.55477738869433,-0.7430074300748823
109.75487743871935,-0.7430074300748823
109.95497748874436,-0.7430074300748823
110.15507753876938,-0.733007330076807
110.35517758879439,-0.733007330076807
110.5552776388194,-0.733007330076807
110.75537768884442,-0.733007330076807
110.95547773886943,-0.733007330076807
111.15557778889445,-0.733007330076807
111.35567783891946,-0.733007330076807
111.55577788894448,-0.733007330076807
111.75587793896949,-0.7230072300787316
111.9559779889945,-0.7230072300787316
112.15607803901946,-0.7230072300787316
112.35617808904448,-0.7230072300787316
112.55627813906949,-0.7230072300787316
112.7563781890945,-0.7230072300787316
112.95647823911952,-0.7230072300787316
113.15657828914453,-0.7230072300787316
113.35667833916955,-0.7130071300737173
113.55677838919456,-0.7130071300737173
113.75687843921958,-0.7130071300737173
113.95697848924459,-0.7130071300737173
114.1570785392696,-0.7130071300737173
114.35717858929462,-0.7130071300737173
114.55727863931963,-0.7130071300737173
114.75737868934465,-0.7130071300737173
114.95747873936966,-0.7030070300756419
115.15757878939468,-0.7030070300756419
115.35767883941969,-0.7030070300756419
115.5577788894447,-0.7030070300756419
115.75787893946972,-0.7030070300756419
115.95797898949473,-0.7030070300756419
116.15807903951975,-0.7030070300756419
116.35817908954476,-0.7030070300756419
116.55827913956978,-0.7030070300756419
116.75837918959479,-0.6930069300775665
116.9584792396198,-0.6930069300775665
117.15857928964482,-0.6930069300775665
117.35867933966983,-0.6930069300775665
117.55877938969485,-0.6930069300775665
117.75887943971986,-0.6930069300775665
117.95897948974488,-0.6930069300775665
118.15907953976989,-0.6930069300775665
118.3591795897949,-0.6930069300775665
118.55927963981986,-0.6830068300794911
118.75937968984488,-0.6830068300794911
118.95947973986989,-0.6830068300794911
119.1595797898949,-0.6830068300794911
119.35967983991992,-0.6830068300794911
119.55977988994493,-0.6830068300794911
119.75987993996995,-0.6830068300794911
119.95997998999496,-0.6830068300794911
120.16008004001998,-0.6830068300794911
120.36018009004499,-0.6730067300744769
120.56028014007,-0.6730067300744769
120.76038019009502,-0.6730067300744769
120.96048024012003,-0.6730067300744769
121.16058029014505,-0.6730067300744769
121.36068034017006,-0.6730067300744769
121.56078039019508,-0.6730067300744769
121.76088044022009,-0.6730067300744769
121.9609804902451,-0.6730067300744769
122.16108054027012,-0.6730067300744769
122.36118059029513,-0.6630066300764015
122.56128064032015,-0.6630066300764015
122.76138069034516,-0.6630066300764015
122.96148074037018,-0.6630066300764015
123.16158079039519,-0.6630066300764015
123.3616808404202,-0.6630066300764015
123.56178089044522,-0.6630066300764015
123.76188094047023,-0.6630066300764015
123.96198099049525,-0.6630066300764015
124.16208104052026,-0.6630066300764015
124.36218109054528,-0.6530065300713872
124.56228114057029,-0.6530065300713872
124.76238119059525,-0.6530065300713872
124.96248124062026,-0.6530065300713872
125.16258129064528,-0.6530065300713872
125.36268134067029,-0.6530065300713872
125.5627813906953,-0.6530065300713872
125.76288144072032,-0.6530065300713872
125.96298149074534,-0.6530065300713872
126.16308154077035,-0.6530065300713872
126.36318159079536,-0.6430064300733118
126.56328164082038,-0.6430064300733118
126.76338169084539,-0.6430064300733118
126.9634817408704,-0.6430064300733118
127.16358179089542,-0.6430064300733118
127.36368184092044,-0.6430064300733118
127.56378189094545,-0.6430064300733118
127.76388194097046,-0.6430064300733118
127.96398199099548,-0.6430064300733118
128.1640820410205,-0.6430064300733118
128.3641820910455,-0.6430064300733118
128.56428214107052,-0.6330063300752364
128.76438219109554,-0.6330063300752364
128.96448224112055,-0.6330063300752364
129.16458229114556,-0.6330063300752364
129.36468234117058,-0.6330063300752364
129.5647823911956,-0.6330063300752364
129.7648824412206,-0.6330063300752364
129.96498249124562,-0.6330063300752364
130.16508254127064,-0.6330063300752364
130.36518259129565,-0.6330063300752364
130.56528264132066,-0.6330063300752364
130.76538269134568,-0.6230062300702222
130.9654827413707,-0.6230062300702222
131.16558279139565,-0.6230062300702222
131.36568284142066,-0.6230062300702222
131.56578289144568,-0.6230062300702222
131.7658829414707,-0.6230062300702222
131.9659829914957,-0.6230062300702222
132.16608304152072,-0.6230062300702222
132.36618309154574,-0.6230062300702222
132.56628314157075,-0.6230062300702222
132.76638319159576,-0.6230062300702222
132.96648324162078,-0.6130061300721468
133.1665832916458,-0.6130061300721468
133.3666833416708,-0.6130061300721468
133.56678339169582,-0.6130061300721468
133.76688344172084,-0.6130061300721468
133.96698349174585,-0.6130061300721468
134.16708354177086,-0.6130061300721468
134.36718359179588,-0.6130061300721468
134.5672836418209,-0.6130061300721468
134.7673836918459,-0.6130061300721468
134.96748374187092,-0.6130061300721468
135.16758379189594,-0.6130061300721468
135.36768384192095,-0.6030060300671325
135.56778389194596,-0.6030060300671325
135.76788394197098,-0.6030060300671325
135.967983991996,-0.6030060300671325
136.168084042021,-0.6030060300671325
136.36818409204602,-0.6030060300671325
136.56828414207104,-0.6030060300671325
136.76838419209605,-0.6030060300671325
136.96848424212106,-0.6030060300671325
137.16858429214608,-0.6030060300671325
137.36868434217104,-0.6030060300671325
137.56878439219605,-0.6030060300671325
137.76888444222107,-0.5930059300690571
137.96898449224608,-0.5930059300690571
138.1690845422711,-0.5930059300690571
138.3691845922961,-0.5930059300690571
138.56928464232112,-0.5930059300690571
138.76938469234614,-0.5930059300690571
138.96948474237115,-0.5930059300690571
139.16958479239617,-0.5930059300690571
139.36968484242118,-0.5930059300690571
139.5697848924462,-0.5930059300690571
139.7698849424712,-0.5930059300690571
139.96998499249622,-0.5930059300690571
140.17008504252124,-0.5830058300640428
140.37018509254625,-0.5830058300640428
140.57028514257127,-0.5830058300640428
140.77038519259628,-0.5830058300640428
140.9704852426213,-0.5830058300640428
141.1705852926463,-0.5830058300640428
141.37068534267132,-0.5830058300640428
141.57078539269634,-0.5830058300640428
141.77088544272135,-0.5830058300640428
141.97098549274637,-0.5830058300640428
142.17108554277138,-0.5830058300640428
142.3711855927964,-0.5830058300640428
142.5712856428214,-0.5830058300640428
142.77138569284642,-0.5730057300659674
142.97148574287144,-0.5730057300659674
143.17158579289645,-0.5730057300659674
143.37168584292147,-0.5730057300659674
143.57178589294648,-0.5730057300659674
143.77188594297144,-0.5730057300659674
143.97198599299645,-0.5730057300659674
144.17208604302147,-0.5730057300659674
144.37218609304648,-0.5730057300659674
144.5722861430715,-0.5730057300659674
144.7723861930965,-0.5730057300659674
144.97248624312152,-0.5730057300659674
145.17258629314654,-0.5730057300659674
145.37268634317155,-0.5730057300659674
145.57278639319657,-0.5630056300609532
145.77288644322158,-0.5630056300609532
145.9729864932466,-0.5630056300609532
146.1730865432716,-0.5630056300609532
146.37318659329662,-0.5630056300609532
146.57328664332164,-0.5630056300609532
146.77338669334665,-0.5630056300609532
146.97348674337167,-0.5630056300609532
147.17358679339668,-0.5630056300609532
147.3736868434217,-0.5630056300609532
147.5737868934467,-0.5630056300609532
147.77388694347172,-0.5630056300609532
147.97398699349674,-0.5630056300609532
148.17408704352175,-0.5630056300609532
148.37418709354677,-0.5530055300628778
148.57428714357178,-0.5530055300628778
148.7743871935968,-0.5530055300628778
148.9744872436218,-0.5530055300628778
149.17458729364682,-0.5530055300628778
149.37468734367184,-0.5530055300628778
149.57478739369685,-0.5530055300628778
149.77488744372187,-0.5530055300628778
149.97498749374682,-0.5530055300628778
150.17508754377184,-0.5530055300628778
150.37518759379685,-0.5530055300628778
150.57528764382187,-0.5530055300628778
150.77538769384688,-0.5530055300628778
150.9754877438719,-0.5530055300628778
151.1755877938969,-0.5430054300648024
151.37568784392192,-0.5430054300648024
151.57578789394694,-0.5430054300648024
151.77588794397195,-0.5430054300648024
151.97598799399697,-0.5430054300648024
152.17608804402198,-0.5430054300648024
152.376188094047,-0.5430054300648024
152.576288144072,-0.5430054300648024
152.77638819409702,-0.5430054300648024
152.97648824412204,-0.5430054300648024
153.17658829414705,-0.5430054300648024
153.37668834417207,-0.5430054300648024
153.57678839419708,-0.5430054300648024
153.7768884442221,-0.5430054300648024
153.9769884942471,-0.5430054300648024
154.17708854427212,-0.5430054300648024
154.37718859429714,-0.5330053300597881
154.57728864432215,-0.5330053300597881
154.77738869434717,-0.5330053300597881
154.97748874437218,-0.5330053300597881
155.1775887943972,-0.5330053300597881
155.3776888444222,-0.5330053300597881
155.57778889444722,-0.5330053300597881
155.77788894447224,-0.5330053300597881
155.97798899449725,-0.5330053300597881
156.17808904452227,-0.5330053300597881
156.37818909454722,-0.5330053300597881
156.57828914457224,-0.5330053300597881
156.77838919459725,-0.5330053300597881
156.97848924462227,-0.5330053300597881
157.17858929464728,-0.5330053300597881
157.3786893446723,-0.5230052300617127
157.5787893946973,-0.5230052300617127
157.77888944472232,-0.5230052300617127
157.97898949474734,-0.5230052300617127
158.17908954477235,-0.5230052300617127
158.37918959479737,-0.5230052300617127
158.57928964482238,-0.5230052300617127
158.7793896948474,-0.5230052300617127
158.9794897448724,-0.5230052300617127
159.17958979489742,-0.5230052300617127
159.37968984492244,-0.5230052300617127
159.57978989494745,-0.5230052300617127
159.77988994497247,-0.5230052300617127
159.97998999499748,-0.5230052300617127
160.1800900450225,-0.5230052300617127
160.3801900950475,-0.5230052300617127
160.58029014507252,-0.5230052300617127
160.78039019509754,-0.5130051300566985
160.98049024512255,-0.5130051300566985
161.18059029514757,-0.5130051300566985
161.38069034517258,-0.5130051300566985
161.5807903951976,-0.5130051300566985
161.7808904452226,-0.5130051300566985
161.98099049524762,-0.5130051300566985
162.18109054527264,-0.5130051300566985
162.38119059529765,-0.5130051300566985
162.5812906453226,-0.5130051300566985
162.78139069534762,-0.5130051300566985
162.98149074537264,-0.5130051300566985
163.18159079539765,-0.5130051300566985
163.38169084542267,-0.5130051300566985
163.58179089544768,-0.5130051300566985
163.7818909454727,-0.5130051300566985
163.9819909954977,-0.5130051300566985
164.18209104552272,-0.5030050300586231
164.38219109554774,-0.5030050300586231
164.58229114557275,-0.5030050300586231
164.78239119559777,-0.5030050300586231
164.98249124562278,-0.5030050300586231
165.1825912956478,-0.5030050300586231
165.3826913456728,-0.5030050300586231
165.58279139569783,-0.5030050300586231
165.78289144572284,-0.5030050300586231
165.98299149574785,-0.5030050300586231
166.18309154577287,-0.5030050300586231
166.38319159579788,-0.5030050300586231
166.5832916458229,-0.5030050300586231
166.7833916958479,-0.5030050300586231
166.98349174587293,-0.5030050300586231
167.18359179589794,-0.5030050300586231
167.38369184592295,-0.5030050300586231
167.58379189594797,-0.5030050300586231
167.78389194597298,-0.4930049300536088
167.983991995998,-0.4930049300536088
168.184092046023,-0.4930049300536088
168.38419209604803,-0.4930049300536088
168.58429214607304,-0.4930049300536088
168.78439219609805,-0.4930049300536088
168.984492246123,-0.4930049300536088
169.18459229614803,-0.4930049300536088
169.38469234617304,-0.4930049300536088
169.58479239619805,-0.4930049300536088
169.78489244622307,-0.4930049300536088
169.98499249624808,-0.4930049300536088
170.1850925462731,-0.4930049300536088
170.3851925962981,-0.4930049300536088
170.58529264632313,-0.4930049300536088
170.78539269634814,-0.4930049300536088
170.98549274637315,-0.4930049300536088
171.18559279639817,-0.4930049300536088
171.38569284642318,-0.4930049300536088
171.5857928964482,-0.4830048300555334
171.7858929464732,-0.4830048300555334
171.98599299649823,-0.4830048300555334
172.18609304652324,-0.4830048300555334
172.38619309654825,-0.4830048300555334
172.58629314657327,-0.4830048300555334
172.78639319659828,-0.4830048300555334
172.9864932466233,-0.4830048300555334
173.1865932966483,-0.4830048300555334
173.38669334667333,-0.4830048300555334
173.58679339669834,-0.4830048300555334
173.78689344672335,-0.4830048300555334
173.98699349674837,-0.4830048300555334
174.18709354677338,-0.4830048300555334
174.3871935967984,-0.4830048300555334
174.5872936468234,-0.4830048300555334
174.78739369684843,-0.4830048300555334
174.98749374687344,-0.4830048300555334
175.1875937968984,-0.4830048300555334
175.3876938469234,-0.47300473005051913
175.58779389694843,-0.47300473005051913
175.78789394697344,-0.47300473005051913
175.98799399699845,-0.47300473005051913
176.18809404702347,-0.47300473005051913
176.38819409704848,-0.47300473005051913
176.5882941470735,-0.47300473005051913
176.7883941970985,-0.47300473005051913
176.98849424712353,-0.47300473005051913
177.18859429714854,-0.47300473005051913
177.38869434717355,-0.47300473005051913
177.58879439719857,-0.47300473005051913
177.78889444722358,-0.47300473005051913
177.9889944972486,-0.47300473005051913
178.1890945472736,-0.47300473005051913
178.38919459729863,-0.47300473005051913
178.58929464732364,-0.47300473005051913
178.78939469734865,-0.47300473005051913
178.98949474737367,-0.47300473005051913
179.18959479739868,-0.47300473005051913
179.3896948474237,-0.47300473005051913
179.5897948974487,-0.46300463005244374
179.78989494747373,-0.46300463005244374
179.98999499749874,-0.46300463005244374
180.19009504752376,-0.46300463005244374
180.39019509754877,-0.46300463005244374
180.59029514757378,-0.46300463005244374
180.7903951975988,-0.46300463005244374
180.9904952476238,-0.46300463005244374
181.19059529764883,-0.46300463005244374
181.39069534767384,-0.46300463005244374
181.5907953976988,-0.46300463005244374
181.7908954477238,-0.46300463005244374
181.99099549774883,-0.46300463005244374
182.19109554777384,-0.46300463005244374
182.39119559779886,-0.46300463005244374
182.59129564782387,-0.46300463005244374
182.79139569784888,-0.46300463005244374
182.9914957478739,-0.46300463005244374
183.1915957978989,-0.46300463005244374
183.39169584792393,-0.46300463005244374
183.59179589794894,-0.46300463005244374
183.79189594797396,-0.45300453005436836
183.99199599799897,-0.45300453005436836
184.19209604802398,-0.45300453005436836
184.392196098049,-0.45300453005436836
184.592296148074,-0.45300453005436836
184.79239619809903,-0.45300453005436836
184.99249624812404,-0.45300453005436836
185.19259629814906,-0.45300453005436836
185.39269634817407,-0.45300453005436836
185.59279639819908,-0.45300453005436836
185.7928964482241,-0.45300453005436836
185.9929964982491,-0.45300453005436836
186.19309654827413,-0.45300453005436836
186.39319659829914,-0.45300453005436836
186.59329664832416,-0.45300453005436836
186.79339669834917,-0.45300453005436836
186.99349674837418,-0.45300453005436836
187.1935967983992,-0.45300453005436836
187.3936968484242,-0.45300453005436836
187.59379689844923,-0.45300453005436836
187.79389694847418,-0.45300453005436836
187.9939969984992,-0.45300453005436836
188.1940970485242,-0.45300453005436836
188.39419709854923,-0.4430044300493541
188.59429714857424,-0.4430044300493541
188.79439719859926,-0.4430044300493541
188.99449724862427,-0.4430044300493541
189.19459729864928,-0.4430044300493541
189.3946973486743,-0.4430044300493541
189.5947973986993,-0.4430044300493541
189.79489744872433,-0.4430044300493541
189.99499749874934,-0.4430044300493541
190.19509754877436,-0.4430044300493541
190.39519759879937,-0.4430044300493541
190.59529764882438,-0.4430044300493541
190.7953976988494,-0.4430044300493541
190.9954977488744,-0.4430044300493541
191.19559779889943,-0.4430044300493541
191.39569784892444,-0.4430044300493541
191.59579789894946,-0.4430044300493541
191.79589794897447,-0.4430044300493541
191.99599799899948,-0.4430044300493541
192.1960980490245,-0.4430044300493541
192.3961980990495,-0.4430044300493541
192.59629814907453,-0.4430044300493541
192.79639819909954,-0.4430044300493541
192.99649824912456,-0.4430044300493541
193.19659829914957,-0.4330043300512787
193.39669834917459,-0.4330043300512787
193.5967983991996,-0.4330043300512787
193.7968984492246,-0.4330043300512787
193.99699849924963,-0.4330043300512787
194.19709854927459,-0.4330043300512787
194.3971985992996,-0.4330043300512787
194.5972986493246,-0.4330043300512787
194.79739869934963,-0.4330043300512787
194.99749874937464,-0.4330043300512787
195.19759879939966,-0.4330043300512787
195.39769884942467,-0.4330043300512787
195.59779889944969,-0.4330043300512787
195.7978989494747,-0.4330043300512787
195.9979989994997,-0.4330043300512787
196.19809904952473,-0.4330043300512787
196.39819909954974,-0.4330043300512787
196.59829914957476,-0.4330043300512787
196.79839919959977,-0.4330043300512787
196.99849924962479,-0.4330043300512787
197.1985992996498,-0.4330043300512787
197.3986993496748,-0.4330043300512787
197.59879939969983,-0.4330043300512787
197.79889944972484,-0.4330043300512787
197.99899949974986,-0.4230042300462644
198.19909954977487,-0.4230042300462644
198.39919959979989,-0.4230042300462644
198.5992996498249,-0.4230042300462644
198.79939969984991,-0.4230042300462644
198.99949974987493,-0.4230042300462644
199.19959979989994,-0.4230042300462644
199.39969984992496,-0.4230042300462644
199.59979989994997,-0.4230042300462644
199.79989994997499,-0.4230042300462644
200.0,-0.4230042300462644
